location,code
C03M-11-01,03D5A324BA9C
C03M-11-02,03D5A21EBA94
C03M-11-03,03D633E4BA9A
C03M-11-04,03D633B9BA92
C03M-11-05,03D6349FBA91
C03M-11-06,03D633AABA90
C03M-11-07,03D5A218BA92
C03M-11-08,03D6349CBA92
C03M-11-09,03D5A236BA9E
C03M-11-10,03D5A243BA9C
C03M-11-11,03D5A210BA9A
C03M-11-12,03D5A220BA99
C03M-11-13,03D5A22BBA92
C03M-11-14,03D5A22DBA94
C03S-12-01,03D5A225BA9C
C03S-12-02,03D5A316BA9D
C03S-12-03,03D5A22FBA96
C03S-12-04,03D5A238BA90
C03S-12-05,03D5A211BA9B
C03S-12-06,03D5A311BA9A
C03S-12-07,03D5A20DBA96
C03S-12-08,03D5A214BA9E
C03S-12-09,03D5A22CBA95
C03S-12-10,03D5A20CBA97
C03S-12-11,03D5A22ABA93
C03S-12-12,03D5A231BA99
C03S-12-13,03D63754BA95
C03T-13-01,03D63772BA91
C03T-13-02,03D63750BA91
C03T-13-03,03D5A2E3BA96
C03T-13-04,03D63771BA92
C03T-13-05,03D5A2D3BA95
C03T-13-06,03D6375FBA9E
C03T-13-07,03D63773BA90
C03T-13-08,03D6376ABA98
C03T-13-09,03D63769BA9B
C03T-13-10,03D6375EBA9F
C03T-13-11,03D6376BBA99
C03T-13-12,03D5A1E5BA93
C03T-13-13,03D5A1E0BA96
C05E-01-01,03D63751BA90
C05E-02-01,03D63740BA90
C05E-03-01,03D63744BA94
C05E-04-01,03D63745BA95
C05E-04-02,03D63748BA98
C05E-05-01,03D5A2D0BA96
C05E-05-02,03D63741BA91
C05E-06-01,03D6374FBA9F
C05E-06-02,03D63768BA9A
C05E-07-01,03D6374ABA9A
C05E-07-02,03D63743BA93
C05E-08-01,03D6325ABA9E
C05E-08-02,03D6324EBA9B
C05E-09-01,03D6323DBA9F
C05E-09-02,03D63253BA97
C05E-10-01,03D5A354BA9B
C05E-10-02,03D5A33ABA93
C05E-11-01,03D5A353BA9C
C05E-11-02,03D637F4BA9F
C05E-12-01,03D5A340BA9E
C05E-12-02,03D5A33EBA97
C05E-21-01,03D5A341BA9F
C05E-21-02,03D5A367BA9B
C05E-21-03,03D5A34FBA91
C05E-21-04,03D5A349BA97
C05E-21-05,03D5A369BA95
C05E-21-06,03D5A35CBA93
C05E-22-01,03D5A368BA94
C05E-22-02,03D5A308BA92
C05E-22-03,03D5A376BA9B
C05E-22-04,03D5A378BA95
C05E-22-05,03D637AFBA91
C05E-22-06,03D5A30CBA96
C05E-23-01,03D5A30DBA97
C05E-23-02,03D5A305BA9F
C05E-23-03,03D5A1F6BA91
C05E-23-04,03D5A306BA9C
C05E-23-05,03D5A31FBA94
C05E-23-06,03D5A327BA9F
C05E-24-01,03D5A31CBA97
C05E-24-02,03D5A30EBA94
C05E-24-03,03D5A329BA91
C05E-24-04,03D5A31DBA96
C05E-24-05,03D63752BA93
C05E-24-06,03D5A2FCBA98
C05E-25-01,03D5A2AABA9B
C05E-25-02,03D5A29DBA9F
C05E-25-03,03D63799BA94
C05E-25-04,03D5A2A4BA95
C05E-25-05,03D63797BA9A
C05E-25-06,03D5A2B7BA97
C05E-99-99,03D63798BA95
C05E-01-01,03D63751BA90
C05E-02-01,03D63740BA90
C05E-03-01,03D63744BA94
C05E-04-01,03D63745BA95
C05E-04-02,03D63748BA98
C05E-05-01,03D5A2D0BA96
C05E-05-02,03D63741BA91
C05E-06-01,03D6374FBA9F
C05E-06-02,03D63768BA9A
C05E-07-01,03D6374ABA9A
C05E-07-02,03D63743BA93
C05E-08-01,03D6325ABA9E
C05E-08-02,03D6324EBA9B
C05E-09-01,03D6323DBA9F
C05E-09-02,03D63253BA97
C05E-10-01,03D5A354BA9B
C05E-10-02,03D5A33ABA93
C05E-11-01,03D5A353BA9C
C05E-11-02,03D637F4BA9F
C05E-12-01,03D5A340BA9E
C05E-12-02,03D5A33EBA97
C05E-21-01,03D5A341BA9F
C05E-21-02,03D5A367BA9B
C05E-21-03,03D5A34FBA91
C05E-21-04,03D5A349BA97
C05E-21-05,03D5A369BA95
C05E-21-06,03D5A35CBA93
C05E-22-01,03D5A368BA94
C05E-22-02,03D5A308BA92
C05E-22-03,03D5A376BA9B
C05E-22-04,03D5A378BA95
C05E-22-05,03D637AFBA91
C05E-22-06,03D5A30CBA96
C05E-23-01,03D5A30DBA97
C05E-23-02,03D5A305BA9F
C05E-23-03,03D5A1F6BA91
C05E-23-04,03D5A306BA9C
C05E-23-05,03D5A31FBA94
C05E-23-06,03D5A327BA9F
C05E-24-01,03D5A31CBA97
C05E-24-02,03D5A30EBA94
C05E-24-03,03D5A329BA91
C05E-24-04,03D5A31DBA96
C05E-24-05,03D63752BA93
C05E-24-06,03D5A2FCBA98
C05E-25-01,03D5A2AABA9B
C05E-25-02,03D5A29DBA9F
C05E-25-03,03D63799BA94
C05E-25-04,03D5A2A4BA95
C05E-25-05,03D63797BA9A
C05E-25-06,03D5A2B7BA97
C05E-99-99,03D63798BA95
C07E-01-01,03D62FB1BA97
C07E-02-01,03D62F8FBA9A
C07E-03-01,03D62F9FBA9B
C07E-04-01,03D62F7FBA95
C07E-05-01,03D62F7EBA94
C07E-06-01,03D58E09BA9C
C07E-06-02,03D62F82BA97
C07E-07-01,03D62F98BA9C
C07E-07-02,03D62FB2BA94
C07E-08-01,03D6326FBA98
C07E-08-02,03D62FB7BA91
C07E-09-01,03D62FBDBA9B
C07E-09-02,03D62FCFBA9E
C07E-10-01,03D62FADBA9A
C07E-10-02,03D62FC0BA91
C07E-11-01,03D5A283BA90
C07E-11-02,03D5A290BA92
C07E-12-01,03D5A28CBA9F
C07E-12-02,03D5A2AEBA9F
C07E-21-01,03D5A2A7BA96
C07E-21-02,03D5A2A3BA92
C07E-21-03,03D5A383BA91
C07E-21-04,03D5A262BA9F
C07E-21-05,03D5A387BA95
C07E-21-06,03D5A271BA9D
C07E-22-01,03D5A26FBA92
C07E-22-02,03D5A266BA9B
C07E-22-03,03D5A267BA9A
C07E-22-04,03D5A39ABA99
C07E-22-05,03D5A392BA91
C07E-22-06,03D5A38CBA9E
C07E-23-01,03D5A37CBA91
C07E-23-02,03D5A38ABA98
C07E-23-03,03D5A37FBA92
C07E-23-04,03D5A362BA9E
C07E-23-05,03D637F7BA9C
C07E-23-06,03D637F5BA9E
C07E-24-01,03D5A365BA99
C07E-24-02,03D63800BA9B
C07E-24-03,03D5A375BA98
C07E-24-04,03D5A361BA9D
C07E-24-05,03D63803BA98
C07E-24-06,03D637FEBA95
C07E-25-01,03D637FABA91
C07E-25-02,03D63801BA9A
C07E-25-03,03D5A355BA9A
C07E-25-04,03D5A366BA9A
C07E-25-05,03D5A22EBA97
C07E-25-06,03D5A379BA94
C07E-99-99,03D5A1FABA9D
C07W-51-01,03D63761BA93
C07W-52-01,03D5A2FDBA99
C07W-53-01,03D5A34BBA95
C07W-54-01,03D5A34ABA94
C07W-55-01,03D5A358BA97
C07W-55-02,03D5A360BA9C
C07W-56-01,03D637FFBA94
C07W-56-02,03D5A35BBA94
C07W-57-01,03D63802BA99
C07W-57-02,03D5A336BA9F
C07W-58-01,03D5A34CBA92
C07W-58-02,03D58DACBA90
C07W-59-01,03D58D89BA97
C07W-59-02,03D58DADBA91
C07W-60-01,03D58D95BA9A
C07W-60-02,03D58D8CBA92
C07W-61-01,03D58D8DBA93
C07W-61-02,03D58D96BA99
C07W-71-01,03D62FA6BA91
C07W-71-02,03D62F85BA90
C07W-71-03,03D62FA2BA95
C07W-71-04,03D62FB3BA95
C07W-71-05,03D62F99BA9D
C07W-71-06,03D62F97BA93
C07W-72-01,03D62F84BA91
C07W-72-02,03D62F91BA95
C07W-72-03,03D58D5FBA9C
C07W-72-04,03D58D4BBA99
C07W-72-05,03D58D92BA9D
C07W-72-06,03D58D74BA95
C07W-73-01,03D58D4EBA9C
C07W-73-02,03D58D83BA9D
C07W-73-03,03D58D82BA9C
C07W-73-04,03D58D57BA94
C07W-73-05,03D63170BA95
C07W-73-06,03D63193BA98
C07W-74-01,03D63183BA99
C07W-74-02,03D63186BA9C
C07W-74-03,03D63195BA9E
C07W-74-04,03D63172BA97
C07W-74-05,03D63182BA98
C07W-74-06,03D5A213BA99
C07W-75-01,03D5A21BBA91
C07W-75-02,03D5A204BA9F
C07W-75-03,03D5A1FCBA9B
C07W-75-04,03D5A207BA9C
C07W-75-05,03D5A323BA9B
C07W-75-06,03D5A1F7BA90
C07W-99-99,03D5A1FDBA9A
C08E-01-01,03D62FBABA9C
C08E-02-01,03D62FB9BA9F
C08E-03-01,03D62FD1BA91
C08E-04-01,03D62FBFBA99
C08E-05-01,03D63272BA94
C08E-05-02,03D62F9EBA9A
C08E-06-01,03D58D9FBA90
C08E-06-02,03D58D84BA9A
C08E-07-01,03D62FC6BA97
C08E-07-02,03D62FC5BA94
C08E-08-01,03D62FC1BA90
C08E-08-02,03D62FBBBA9D
C08E-09-01,03D62FAFBA98
C08E-09-02,03D6317ABA9F
C08E-10-01,03D62F9DBA99
C08E-10-02,03D5A278BA94
C08E-11-01,03D5A3A2BA92
C08E-11-02,03D5A3A1BA91
C08E-12-01,03D5A35FBA90
C08E-12-02,03D5A357BA98
C08E-21-01,03D5A275BA99
C08E-21-02,03D5A38BBA99
C08E-21-03,03D5A270BA9C
C08E-21-04,03D5A26CBA91
C08E-21-05,03D5A276BA9A
C08E-21-06,03D5A279BA95
C08E-22-01,03D5A370BA9D
C08E-22-02,03D5A26DBA90
C08E-22-03,03D5A27BBA97
C08E-22-04,03D5A382BA90
C08E-22-05,03D5A268BA95
C08E-22-06,03D5A391BA92
C08E-23-01,03D5A297BA95
C08E-23-02,03D5A27EBA92
C08E-23-03,03D5A296BA94
C08E-23-04,03D5A280BA93
C08E-23-05,03D5A281BA92
C08E-23-06,03D5A398BA9B
C08E-24-01,03D5A3A5BA95
C08E-24-02,03D5A284BA97
C08E-24-03,03D5A27FBA93
C08E-24-04,03D5A282BA91
C08E-24-05,03D5A34DBA93
C08E-24-06,03D5A26EBA93
C08E-25-01,03D5A285BA96
C08E-25-02,03D5A371BA9C
C08E-25-03,03D5A374BA99
C08E-25-04,03D5A394BA97
C08E-25-05,03D5A395BA96
C08W-51-01,03D5A386BA94
C08W-52-01,03D637E1BA9B
C08W-53-01,03D5A364BA98
C08W-54-01,03D637E0BA9A
C08W-54-02,03D5A35EBA91
C08W-55-01,03D5A37DBA90
C08W-55-02,03D5A352BA9D
C08W-56-01,03D5A381BA93
C08W-56-02,03D5A37ABA97
C08W-57-01,03D637F8BA93
C08W-57-02,03D5A35DBA92
C08W-58-01,03D63260BA97
C08W-58-02,03D58D68BA98
C08W-59-01,03D63262BA95
C08W-59-02,03D63278BA9E
C08W-60-01,03D58D69BA99
C08W-60-02,03D58D7ABA9B
C08W-71-01,03D58D65BA95
C08W-71-02,03D63269BA9E
C08W-71-03,03D58D73BA92
C08W-71-04,03D58D7BBA9A
C08W-71-05,03D58D64BA94
C08W-71-06,03D6327BBA9D
C08W-72-01,03D6317BBA9E
C08W-72-02,03D58D70BA91
C08W-72-03,03D58D7CBA9D
C08W-72-04,03D5A1EABA9C
C08W-72-05,03D5A319BA92
C08W-72-06,03D5A1F4BA93
C08W-73-01,03D5A2F8BA9C
C08W-73-02,03D6374BBA9B
C08W-73-03,03D5A30ABA90
C08W-73-04,03D5A1EFBA99
C08W-73-05,03D5A326BA9E
C08W-73-06,03D5A2F9BA9D
C08W-74-01,03D5A1F2BA95
C08W-74-02,03D5A1EBBA9D
C08W-74-03,03D5A1F9BA9E
C08W-74-04,03D5A1F8BA9F
C08W-74-05,03D5A313BA98
C08W-74-06,03D5A314BA9F
C08W-75-01,03D5A322BA9A
C08W-75-02,03D5A21ABA90
C08W-75-03,03D5A209BA92
C08W-75-04,03D5A212BA98
C08W-75-05,03D6300EBA9D
C08W-75-06,03D63011BA93
C08E-99-99,03D63021BA90
C08W-99-99,03D63017BA95
C08W-99-98,03D6302EBA9F
C09E-01-01,03D62FA7BA90
C09E-02-01,03D62F8EBA9B
C09E-03-01,03D62F7DBA97
C09E-04-01,03D63049BA9E
C09E-04-02,03D62FA0BA97
C09E-05-01,03D58D4DBA9F
C09E-05-02,03D58E0DBA98
C09E-06-01,03D62F80BA95
C09E-07-01,03D62F83BA96
C09E-07-02,03D58D59BA9A
C09E-08-01,03D62F86BA93
C09E-08-02,03D62F81BA94
C09E-09-01,03D62F8BBA9E
C09E-09-02,03D63048BA9F
C09E-10-01,03D62F92BA96
C09E-10-02,03D5A36BBA97
C09E-11-01,03D5A348BA96
C09E-11-02,03D5A345BA9B
C09E-21-01,03D5A33BBA92
C09E-21-02,03D5A335BA9C
C09E-21-03,03D5A234BA9C
C09E-21-04,03D5A346BA98
C09E-21-05,03D5A356BA99
C09E-21-06,03D5A32ABA92
C09E-22-01,03D5A342BA9C
C09E-22-02,03D5A32CBA94
C09E-22-03,03D5A32EBA96
C09E-22-04,03D5A339BA90
C09E-22-05,03D5A347BA99
C09E-22-06,03D5A330BA99
C09E-23-01,03D637F9BA92
C09E-23-02,03D5A239BA91
C09E-23-03,03D63782BA9E
C09E-23-04,03D5A2B4BA94
C09E-23-05,03D637FBBA90
C09E-23-06,03D637FCBA97
C09E-24-01,03D637A4BA9A
C09E-24-02,03D5A363BA9F
C09E-24-03,03D5A299BA9B
C09E-24-04,03D63804BA9F
C09E-24-05,03D5A35ABA95
C09E-24-06,03D5A2A8BA99
C09E-25-01,03D6377DBA9E
C09E-25-02,03D63796BA9B
C09E-25-03,03D63807BA9C
C09E-25-04,03D5A226BA9F
C09E-25-05,03D5A20BBA90
C09E-25-06,03D5A240BA9F
C09E-99-99,03D5A20FBA94
C09W-51-01,03D5A215BA9F
C09W-52-01,03D5A21CBA96
C09W-53-01,03D5A242BA9D
C09W-53-02,03D5A229BA90
C09W-54-01,03D5A219BA93
C09W-54-02,03D5A224BA9D
C09W-55-01,03D5A230BA98
C09W-55-02,03D63756BA97
C09W-56-01,03D5A337BA9E
C09W-56-02,03D5A23ABA92
C09W-57-01,03D5A237BA9F
C09W-57-02,03D5A333BA9A
C09W-58-01,03D5A286BA95
C09W-58-02,03D5A29BBA99
C09W-59-01,03D5A29CBA9E
C09W-59-02,03D5A2A2BA93
C09W-60-01,03D5A27DBA91
C09W-60-02,03D5A273BA9F
C09W-61-01,03D5A295BA97
C09W-61-02,03D5A292BA90
C09W-71-01,03D5A272BA9E
C09W-71-02,03D5A2B0BA90
C09W-71-03,03D5A28DBA9E
C09W-71-04,03D5A2AFBA9E
C09W-71-05,03D5A294BA96
C09W-71-06,03D5A332BA9B
C09W-72-01,03D5A201BA9A
C09W-72-02,03D5A291BA93
C09W-72-03,03D637AEBA90
C09W-72-04,03D5A1F3BA94
C09W-72-05,03D5A31EBA95
C09W-72-06,03D5A318BA93
C09W-73-01,03D5A31ABA91
C09W-73-02,03D63742BA92
C09W-73-03,03D5A315BA9E
C09W-73-04,03D5A1ECBA9A
C09W-73-05,03D5A1EEBA98
C09W-73-06,03D5A31BBA90
C09W-74-01,03D6376EBA9C
C09W-74-02,03D5A328BA90
C09W-74-03,03D5A317BA9C
C09W-74-04,03D6374CBA9C
C09W-74-05,03D63766BA94
C09W-74-06,03D5A23BBA93
C09W-75-01,03D5A343BA9D
C09W-75-02,03D5A32FBA97
C09W-75-03,03D5A344BA9A
C09W-75-04,03D5A23CBA94
C09W-75-05,03D5A217BA9D
C09W-75-06,03D5A227BA9E
C09W-99-99,03D5A200BA9B
C10E-01-01,03D5A1F0BA97
C10E-02-01,03D5A216BA9C
C10E-03-01,03D5A232BA9A
C10E-04-01,03D5A32DBA95
C10E-05-01,03D5A331BA98
C10E-06-01,03D5A23DBA95
C10E-06-02,03D5A203BA98
C10E-07-01,03D5A321BA99
C10E-07-02,03D5A202BA99
C10E-08-01,03D5A20EBA95
C10E-08-02,03D5A205BA9E
C10E-09-01,03D5A1F1BA96
C10E-09-02,03D5A1FEBA99
C10E-10-01,03D5A320BA98
C10E-10-02,03D5A1F5BA92
C10E-11-01,03D5A1EDBA9B
C10E-11-02,03D5A303BA99
C10E-12-01,03D5A304BA9E
C10E-12-02,03D5A1FBBA9C
C10E-21-01,03D63760BA92
C10E-21-02,03D5A206BA9D
C10E-21-03,03D63755BA94
C10E-21-04,03D63757BA96
C10E-21-05,03D6376FBA9D
C10E-21-06,03D63767BA95
C10E-22-01,03D5A310BA9B
C10E-22-02,03D63765BA97
C10E-22-03,03D5A30FBA95
C10E-22-04,03D63763BA91
C10E-22-05,03D5A309BA93
C10E-22-06,03D63764BA96
C10E-23-01,03D63770BA93
C10E-23-02,03D5A302BA98
C10E-23-03,03D5A307BA9D
C10E-23-04,03D5A301BA9B
C10E-23-05,03D5A312BA99
C10E-23-06,05946DEBBA9E
C10E-24-01,05946E9ABA9B
C10E-24-02,05946E4EBA92
C10E-24-03,05946DBABA9A
C10E-24-04,05946E02BA9A
C10E-24-05,05946CDCBA9B
C10E-24-06,05946DEFBA9A
C10E-25-01,05946DBDBA9D
C10E-25-02,05946E5CBA91
C10E-25-03,05946DC8BA9F
C10E-25-04,05946DE7BA92
C10E-25-05,05946D1ABA90
C10E-25-06,05946E28BA92
C10E-99-99,03D6374EBA9E
C10W-51-01,05946DF4BA90
C10W-52-01,05946DFABA9E
C10W-53-01,05946D5BBA95
C10W-53-02,05946DEDBA98
C10W-54-01,05946DE9BA9C
C10W-54-02,05946DBCBA9C
C10W-55-01,05946D59BA97
C10W-55-02,05946E50BA9D
C10W-56-01,05946E81BA91
C10W-56-02,05946E32BA99
C10W-57-01,05946E01BA99
C10W-57-02,05946E89BA99
C10W-58-01,05946E69BA97
C10W-58-02,05946AB7BA90
C10W-59-01,05946E37BA9C
C10W-59-02,05946E57BA9A
C10W-60-01,05946E6CBA92
C10W-60-02,05946E97BA96
C10W-61-01,05946E82BA92
C10W-61-02,05946E68BA96
C10W-71-01,05946E66BA98
C10W-71-02,05946AB5BA92
C10W-71-03,05946E38BA93
C10W-71-04,05946E7BBA94
C10W-71-05,05946E43BA9F
C10W-71-06,05946E1EBA97
C10W-72-01,05946E86BA96
C10W-72-02,03D58DA1BA9D
C10W-72-03,03D58D97BA98
C10W-72-04,03D6316FBA9B
C10W-72-05,03D58D8ABA94
C10W-72-06,03D6317EBA9B
C10W-73-01,03D62F9BBA9F
C10W-73-02,03D58E10BA94
C10W-73-03,03D62FA1BA96
C10W-73-04,03D58E0CBA99
C10W-73-05,03D62F90BA94
C10W-73-06,03D62F88BA9D
C10W-74-01,03D58E0ABA9F
C10W-74-02,03D62F8CBA99
C10W-74-03,03D6303BBA9B
C10W-74-04,03D58E0BBA9E
C10W-74-05,03A0C3D1BA92
C10W-74-06,03A0DE50BA97
C10W-75-01,03D63370BA97
C10W-75-02,03D63758BA99
C10W-75-03,03D63747BA97
C10W-75-04,03D5A1E4BA92
C10W-75-05,03A0C404BA9D
C10W-75-06,03D5A221BA98
C10W-99-99,03A0DE74BA91
C11E-01-01,03A0DEC3BA9D
C11E-02-01,03A0C44CBA91
C11E-03-01,03A0DDEBBA94
C11E-04-01,03A0C40EBA97
C11E-05-01,03A0DD5DBA99
C11E-05-02,03A0DED6BA99
C11E-06-01,03A0DE7EBA9B
C11E-06-02,05946E21BA9B
C11E-07-01,05946D2FBA96
C11E-07-02,05946D3BBA93
C11E-08-01,05946D37BA9F
C11E-08-02,05946D25BA9C
C11E-09-01,05946D29BA90
C11E-09-02,05946D38BA90
C11E-21-01,05946D30BA98
C11E-21-02,05946D21BA98
C11E-21-03,05946E10BA99
C11E-21-04,05946DF8BA9C
C11E-21-05,05946D44BA9B
C11E-21-06,05946DF7BA93
C11E-22-01,05946ACCBA9C
C11E-22-02,05946A9BBA9E
C11E-22-03,05946D40BA9F
C11E-22-04,05946D28BA91
C11E-22-05,05946D1BBA91
C11E-22-06,05946D3ABA92
C11E-23-01,05946DFCBA98
C11E-23-02,05946D45BA9A
C11E-23-03,05946D4BBA94
C11E-23-04,05946D49BA96
C11E-23-05,05946ACEBA9E
C11E-23-06,05946E13BA9A
C11E-24-01,05946E12BA9B
C11E-24-02,05946E26BA9C
C11E-24-03,05946E51BA9C
C11E-24-04,05946E4FBA93
C11E-24-05,05946E0FBA97
C11E-24-06,05946ABABA9D
C11E-25-01,05946ABFBA98
C11E-25-02,05946A99BA9C
C11E-25-03,05946ACBBA9B
C11E-25-04,05946D19BA93
C11E-25-05,05946D55BA9B
C11E-25-06,05946D43BA9C
C11E-99-99,03D5A3A8BA98
C11W-51-01,05946D13BA99
C11W-52-01,05946AABBA9D
C11W-71-01,05946E05BA9D
C11W-71-02,05946AD5BA94
C11W-71-03,05946E23BA99
C11W-71-04,05946E25BA9F
C11W-71-05,05946CD3BA94
C11W-71-06,05946E78BA97
C11W-72-01,05946E0BBA93
C11W-72-02,05946CD0BA97
C11W-72-03,05946E18BA91
C11W-72-04,05946E6FBA91
C11W-72-05,05946DBEBA9E
C11W-72-06,05946E99BA98
C11W-73-01,05946E83BA93
C11W-73-02,05946E9CBA9D
C11W-73-03,05946E70BA9F
C11W-73-04,05946E19BA90
C11W-73-05,05946E49BA95
C11W-73-06,05946AC0BA90
C11S-91-01,05946E3EBA95
C11S-92-01,05946E44BA98
C11S-93-01,05946E03BA9B
C11S-94-01,03D6377ABA99
C11S-95-01,03D5A3AEBA9E
C11S-96-01,03D5A3BFBA9E
C11S-97-01,03D5A3D7BA90
C11S-97-02,03D5A3B4BA95
C11S-97-03,03D5A396BA95
C11S-97-04,03D63014BA96
C11S-97-05,03D5A3BDBA9C
C11S-98-01,03D63023BA92
C11S-98-02,03D63779BA9A
C11S-98-03,03D5A39FBA9C
C11S-98-04,03D63012BA90
C11S-98-05,03D5A3A9BA99
C11W-99-99,03D5A39EBA9D
